titulo,url,categoria,fecha
Danone cierra una fábrica de Barcelona y Bimbo se marcha de Alicante a Cataluña,https://www.telemadrid.es/programas/telenoticias-1/Danone-cierra-una-fabrica-de-Barcelona-y-Bimbo-se-marcha-de-Alicante-a-Cataluna-2-2634056598--20240116031516.html,programas,2024/01/16
El Corte Inglés cierra su centro de Méndez Alvaro el 29 de febrero tras más de 30 años de actividad,https://www.telemadrid.es/noticias/economia/El-Corte-Ingles-cierra-su-centro-comercial-de-Mendez-Alvaro-el-29-de-febrero-tras-mas-de-30-anos-de-actividad-0-2634036623--20240116061641.html,noticias,2024/01/16
Robo a punta de pistola en un prostíbulo situado en un chalet en Valdemoro,https://www.telemadrid.es/programas/telenoticias-2/Robo-a-punta-de-pistola-en-un-prostibulo-situado-en-un-chalet-en-Valdemoro-2-2634056625--20240116084940.html,programas,2024/01/16
La OMS advierte de una enfermedad X,https://www.telemadrid.es/salud/La-OMS-advierte-de-una-enfermedad-X-0-2633736653--20240115054705.html,salud,2024/01/15
Navegamos con Antonio de la Rosa en aguas madrileñas,https://www.telemadrid.es/programas/como-funciona-madrid/Navegamos-con-Anotnio-de-la-Rosa-2-2633756611--20240115114700.html,programas,2024/01/15
El WiZink Center acogerá la fase final del primer split de 2024 de la Kings y la Queens League,/ocio-y-planes-por-madrid/El-WiZink-Center-acogera-la-fase-final-del-primer-split-de-2024-de-la-Kings-y-la-Queens-League-0-2634336554--20240117103224.html,ocio-y-planes-por-madrid,2024/01/17
El Festival de Arte Sacro en Madrid que fusiona lo vanguardista con lo contemporáneo,/programas/telenoticias-1/El-Festival-de-Arte-Sacro-en-Madrid-que-fusiona-lo-vanguardista-con-lo-contemporaneo-2-2634056605--20240116031720.html,programas,2024/01/16
Carmen Machi regresa al teatro con Nuestros actos ocultos en Matadero Madrid,/programas/telenoticias-1/Carmen-Machi-regresa-al-teatro-con-Nuestros-actos-ocultos-en-Matadero-Madrid-2-2633756636--20240115032201.html,programas,2024/01/15
Un paseo por La Mancha en el centro de Madrid,/ocio-y-planes-por-madrid/Un-paseo-por-La-Mancha-en-el-centro-de-Madrid-0-2632236776--20240110080200.html,ocio-y-planes-por-madrid,2024/01/10
Los 10 sitios más instagrameables para hacerse fotos con nieve en Madrid,/ocio-y-planes-por-madrid/Los-10-sitios-mas-instagrameables-para-hacerse-fotos-con-nieve-en-Madrid-0-2632836694--20240112080204.html,ocio-y-planes-por-madrid,2024/01/12
Fin de semana para conocer a la Tía Javiera la de las rosquillas en Fuenlabrada,/ocio-y-planes-por-madrid/Fin-de-semana-para-conocer-a-la-Tia-Javiera-la-de-las-rosquillas-en-Fuenlabrada-0-2632836743--20240112080000.html,ocio-y-planes-por-madrid,2024/01/12
Ciempozuelos celebra este domingo su primera concentración de coches clásicos,/ocio-y-planes-por-madrid/Ciempozuelos-celebra-este-domingo-su-primera-concentracion-de-coches-clasicos-0-2632836747--20240112080000.html,ocio-y-planes-por-madrid,2024/01/12
Fuenlabrada retoma este domingo sus rutas teatralizadas por el casco histórico,/noticias/madrid/Fuenlabrada-retoma-este-domingo-sus-rutas-teatralizadas-por-el-casco-historico-0-2632836772--20240112084826.html,noticias,2024/01/12
Jorge Blass Nuria Espert y el Ballet Nacional de España entre las propuestas del MIRA de Pozuelo de Alarcón,/noticias/madrid/Jorge-Blass-Nuria-Espert-y-el-Ballet-Nacional-de-Espana-entre-las-propuestas-del-MIRA-de-Pozuelo-de-Alarcon-0-2632536778--20240111055841.html,noticias,2024/01/11
Nueva invasión de zombies en Ciempozuelos el 20 de enero,/noticias/madrid/Nueva-invasion-de-zombies-en-Ciempozuelos-el-20-de-enero-0-2632536771--20240111035758.html,noticias,2024/01/11
Las películas candidatas a los Goya en ALCINE de Alcalá,/noticias/madrid/Las-peliculas-candidatas-a-los-Goya-en-ALCINE-de-Alcala-0-2632536767--20240111021954.html,noticias,2024/01/11
7 lugares para disfrutar de la nieve en Madrid,/noticias/madrid/7-lugares-para-disfrutar-de-la-nieve-en-la-Comunidad-de-Madrid-0-2632236785--20240110010956.html,noticias,2024/01/10
La Comunidad soterra la red de baja tensión y telefonía del casco urbano de Redueña,/noticias/madrid/La-Comunidad-soterra-la-red-de-baja-tension-y-telefonia-del-casco-urbano-de-Reduena-0-2634336602--20240117055015.html,noticias,2024/01/17
Ayuso critica que el Gobierno no les dé información sobre los inmigrantes que llegan a la Comunidad: Vivimos un auténtico caos,/programas/120-minutos/Ayuso-critica-que-el-Gobierno-no-les-de-informacion-sobre-los-inmigrantes-que-llegan-a-la-Comunidad-Vivimos-un-autentico-caos-2-2634356554--20240117015455.html,programas,2024/01/17
Majadahonda pospone hasta 2025 la aplicación de la tasa de basuras,/noticias/madrid/Majadahonda-pospone-hasta-2025-la-aplicacion-de-la-tasa-de-basuras-0-2634336568--20240117120640.html,noticias,2024/01/17
Las Rozas se posiciona entre los 5 primeros municipios con menos paro,/noticias/madrid/Las-Rozas-se-posiciona-entre-los-5-primeros-municipios-con-menos-paro-0-2634336545--20240117094104.html,noticias,2024/01/17
El corte de la M-501 provoca importantes retenciones en Aldea del Fresno,/programas/madrid-directo/El-corte-de-la-M-501-provoca-importantes-retenciones-en-Aldea-del-Fresno-2-2634056614--20240116094030.html,programas,2024/01/16
Arganda y Telefónica pactan ampliar la fibra óptica fuera del casco histórico,/noticias/madrid/Arganda-y-Telefonica-pactan-ampliar-la-fibra-optica-fuera-del-casco-historico-0-2634036625--20240116063831.html,noticias,2024/01/16
Cortada la M-501 entre Navas del Rey y Pelayos de la Presa por un problema en la obra de drenaje,/noticias/madrid/Cortada-la-M-501-entre-Navas-del-Rey-y-Pelayos-de-la-Presa-por-un-problema-en-la-obra-de-drenaje-0-2634036618--20240116053422.html,noticias,2024/01/16
Nueva edición de la campaña Bonos Consumo Parla para fomentar las compras en el comercio local,/noticias/madrid/Nueva-edicion-de-la-campana-Bonos-Consumo-Parla-para-fomentar-las-compras-en-el-comercio-local-0-2634036616--20240116051541.html,noticias,2024/01/16
La feria de las bodas llega este fin de semana a Alcorcón,/noticias/madrid/La-feria-de-las-bodas-llega-este-fin-de-semana-a-Alcorcon-0-2634036612--20240116043956.html,noticias,2024/01/16
Investigados por enseñar el culo desde un coche en plena A-2 a la altura de Alcalá de Henares,/noticias/madrid/Investigados-por-ensenar-el-culo-desde-un-coche-en-plena-A-2-a-la-altura-de-Alcala-de-Henares-0-2634036599--20240116120634.html,noticias,2024/01/16
Sanse reactiva la sanción contra los funcionarios que supuestamente borraron del censo a miles de vecinos,/noticias/madrid/Sanse-reactiva-la-sancion-contra-los-funcionarios-que-supuestamente-borraron-del-censo-a-miles-de-vecinos-0-2634036597--20240116115309.html,noticias,2024/01/16
Incautan 95.000 pares de zapatillas de deporte falsificadas en Fuenlabrada Toledo y Alicante,/programas/buenos-dias-madrid/Incautan-95000-pares-de-zapatillas-de-deporte-falsificadas-en-Fuenlabrada-Toledo-y-Alicante-2-2634056576--20240116113822.html,programas,2024/01/16
Telenoticias 1 17.01.2024,/programas/telenoticias-1/Telenoticias-1-17012024-2-2634356579--20240117035432.html,programas,2024/01/17
Telenoticias 2 16.01.2024,/programas/telenoticias-2/Telenoticias-2-16012024-2-2634056629--20240116095916.html,programas,2024/01/16
Telenoticias 1 16.01.2024,/programas/telenoticias-1/Telenoticias-1-16012024-2-2634056609--20240116035924.html,programas,2024/01/16
La mayor nave del mundo de venta de carne vacuna está en Vallecas,/programas/buenos-dias-madrid/La-mayor-nave-del-mundo-de-venta-de-carne-vacuna-esta-en-Vallecas-2-2634356544--20240117091106.html,programas,2024/01/17
La lluvia complica el tráfico en las carreteras de Madrid,/programas/buenos-dias-madrid/La-lluvia-complica-el-trafico-en-las-carreteras-de-Madrid-2-2634356543--20240117083307.html,programas,2024/01/17
Miércoles con lluvia en Madrid y viento muy fuerte,/programas/buenos-dias-madrid/Miercoles-con-lluvia-en-Madrid-y-viento-muy-fuerte-2-2634356541--20240117073817.html,programas,2024/01/17
Claves para acceder a 57 puestos de trabajo en Patrimonio Nacional,/programas/madrid-trabaja/Claves-para-acceder-a-57-puestos-de-trabajo-en-Patrimonio-Nacional-9-2634426544--20240117044535.html,programas,2024/01/17
La Universidad Autónoma de Madrid convoca empleo público temporal para técnicos electrónicos,/programas/madrid-trabaja/La-Universidad-Autonoma-de-Madrid-convoca-empleo-publico-temporal-para-tecnicos-electronicos-9-2634426545--20240117042841.html,programas,2024/01/17
La posible casa de Isabel Pantoja,/programas/juntos/La-posible-nueva-casa-de-Isabel-Pantoja-650-metros-cuadrados-y-vecina-de-Aitana-2-2634056634--20240116091932.html,programas,2024/01/16
David Bisbal actúa por sorpresa en el Hospital de Parapléjicos de Toledo,/programas/telenoticias-2/David-Bisbal-actua-por-sorpresa-en-el-Hospital-de-Paraplejicos-de-Toledo-2-2634056628--20240116092944.html,programas,2024/01/16
Insultos y vetos a Itziar Ituño actriz de La casa de papel por encabezar una manifestación que pedía la liberación de presos de ETA,/gente/Insultos-y-vetos-a-Itziar-Ituno-actriz-de-La-casa-de-papel-por-encabezar-una-manifestacion-que-pedia-la-liberacion-de-presos-de-ETA-0-2634036610--20240116023846.html,gente,2024/01/16
Utilizan deepfakes de Taylor Swift y Selena Gomez para una nueva estafa viral,/tecnologia/Utilizan-deepfakes-de-Taylor-Swift-y-Selena-Gomez-para-una-nueva-estafa-viral-0-2633736675--20240115112506.html,tecnologia,2024/01/15
¿Cuánto dinero ha donado Ana Obregón?,/programas/juntos/Cuanto-dinero-ha-donado-Ana-Obregon-a-la-Fundacion-Aless-Lequio-2-2633756663--20240115110605.html,programas,2024/01/15
Isabel Pantoja cumple 50 años en los escenarios,/programas/juntos/Isabel-Pantoja-triunfa-en-Bilbao-en-su-concierto-por-sus-50-anos-sobre-los-escenarios-2-2633756662--20240115110308.html,programas,2024/01/15
Rafael Amargo vuelve a pedir su libertad al considerar que se vulneran sus derechos,/gente/Rafael-Amargo-vuelve-a-pedir-su-libertad-al-considerar-que-se-vulneran-sus-derechos-0-2633736674--20240115092806.html,gente,2024/01/15
Julio Iglesias retenido en el aeropuerto de República Dominicana por llevar más de 42 kilos de comida en la maleta,/programas/telenoticias-1/Julio-Iglesias-retenido-en-el-aeropuerto-de-Republica-Dominicana-por-llevar-mas-de-42-kilos-de-comida-en-la-maleta-2-2633756635--20240115032046.html,programas,2024/01/15
La relación de Enrique Iglesias con su familia,/programas/juntos-y/Por-que-Enrique-Iglesias-no-asiste-a-las-celebraciones-de-su-familia-2-2633156662--20240113032326.html,programas,2024/01/13
Guerra abierta entre los hijos de Alain Delon por sus cuidados,/gente/Guerra-abierta-entre-los-hijos-de-Alain-Delon-por-sus-cuidados-0-2632836775--20240112095309.html,gente,2024/01/12
Ha*Ash regresa a Madrid con su gira,/programas/madrid-directo/HaAsh-regresa-a-Madrid-con-su-gira-Mi-Salida-Contigo-2-2632856741--20240112084607.html,programas,2024/01/12
Nerea Pérez de las Heras se sincera sobre su nueva vida tras perder una pierna en un fatal accidente,/gente/Nerea-Perez-de-las-Heras-se-sincera-sobre-su-nueva-vida-tras-perder-una-pierna-en-un-fatal-accidente-0-2632836728--20240112062820.html,gente,2024/01/12
Una aplicación bloqueará en España el acceso de los menores a contenidos porno en Internet,/programas/telenoticias-1/Una-aplicacion-bloqueara-en-Espana-el-acceso-de-los-menores-a-contenidos-porno-en-Internet-2-2634056592--20240116025143.html,programas,2024/01/16
La solución madrileña para transportar y almacenar con seguridad el hidrógeno,/tecnologia/La-solucion-madrilena-para-transportar-y-almacenar-con-seguridad-el-hidrogeno-0-2634036600--20240116124357.html,tecnologia,2024/01/16
Crean una mini batería nuclear de uso civil que dura 50 años,/tecnologia/Crean-una-mini-bateria-nuclear-de-uso-civil-que-dura-50-anos-0-2633736661--20240115085204.html,tecnologia,2024/01/15
Nokia trabajará para al Gobierno de EEUU en soluciones privadas de comunicaciones,/tecnologia/Nokia-trabajara-para-al-Gobierno-de-EEUU-en-soluciones-privadas-de-comunicaciones-0-2633736656--20240115063211.html,tecnologia,2024/01/15
Baidu cae cerca de un 12% en bolsa,/tecnologia/Baidu-el-Google-chino-se-desploma-en-bolsa-despues-de-que-vincularan-su-chatbot-de-IA-con-el-ejercito-0-2633736650--20240115054827.html,tecnologia,2024/01/15
Logran reducir tumores de vejiga con nanorrobots que transportan el fármaco,/programas/telenoticias-1/Logran-reducir-tumores-de-vejiga-con-nanorrobots-que-transportan-el-farmaco-2-2633756634--20240115035705.html,programas,2024/01/15
¿Qué es el R1 de Rabbit y por qué es el gadget más deseado?,/tecnologia/Que-es-el-R1-de-Rabbit-y-por-que-es-el-gadget-mas-deseado-0-2632836771--20240112094654.html,tecnologia,2024/01/12
Televisiones transparentes móviles flexibles o gafas para oír mejor estas son las novedades tecnológicas para 2024,/tecnologia/Televisiones-transparentes-moviles-flexibles-o-gafas-para-oir-mejor-estas-son-las-novedades-tecnologicas-para-2024-0-2632836752--20240112072938.html,tecnologia,2024/01/12
Estos son los Óscar científicos y técnicos también hay premios para la tecnología,/noticias/cultura/Estos-son-los-Oscar-cientificos-y-tecnicos-tambien-hay-premios-para-la-tecnologia-0-2632536792--20240111112215.html,noticias,2024/01/11
Movistar y O2 implantan una verificación avanzada por selfie,/tecnologia/Movistar-y-O2-implantan-una-verificacion-avanzada-por-selfie-0-2632536786--20240111081558.html,tecnologia,2024/01/11
Demandan a Facebook e Instagram por su modelo de pago por privacidad,/tecnologia/Demandan-a-Facebook-e-Instagram-por-su-modelo-de-pago-por-privacidad-0-2632536756--20240111123642.html,tecnologia,2024/01/11
OpenAI lanza GPT Store una tienda virtual de apps personalizadas de inteligencia artificial,/tecnologia/OpenAI-lanza-GPT-Store-una-tienda-virtual-de-apps-personalizadas-de-inteligencia-artificial-0-2632236819--20240110081511.html,tecnologia,2024/01/10
Los magistrados ven difícil que algunas enmiendas sobre la amnistía encajen bien en Europa,/programas/120-minutos/Los-magistrados-ven-dificil-que-algunas-enmiendas-sobre-la-amnistia-encajen-bien-en-Europa-2-2634356550--20240117010757.html,programas,2024/01/17
La lucha contra la pornografía fácil en Internet: Antes de los 10 años ya hay contacto con porno duro,/programas/120-minutos/La-lucha-contra-la-pornografia-facil-en-Internet-Antes-de-los-10-anos-ya-hay-contacto-con-porno-duro-2-2634056586--20240116022515.html,programas,2024/01/16
El vapeo es una entrada al tabaco de los más jóvenes y nos intentan vender que es menos perjudicial,/programas/120-minutos/El-vapeo-es-una-entrada-al-tabaco-de-los-mas-jovenes-y-nos-intentan-vender-que-es-menos-perjudicial-2-2634056579--20240116012926.html,programas,2024/01/16
La nueva imagen de la Plaza de los Mostenses,/programas/madrid-directo/La-nueva-imagen-de-la-Plaza-de-los-Mostenses-tras-las-obras-de-remodelacion-2-2634056619--20240116101836.html,programas,2024/01/16
Reabren las piscinas municipales de San Antón,/programas/madrid-directo/Reabren-las-piscinas-municipales-de-San-Anton-tras-la-reparacion-de-su-fachada-2-2634056618--20240116101326.html,programas,2024/01/16
Las últimas novedades de merchandising,/programas/madrid-directo/Promogift-trae-las-ultimas-novedades-de-merchandising-a-Madrid-2-2634056616--20240116100857.html,programas,2024/01/16
Sandra encuentra Susi la joven desaparecida,/programas/madrid-directo/Emocion-entre-la-familia-de-Susi-y-la-mujer-que-alerto-a-la-Policia-2-2634056624--20240116094948.html,programas,2024/01/16
Aumenta un 15% la venta de localizadores GPS,/programas/madrid-directo/Aumenta-un-15-la-venta-de-localizadores-GPS-para-mayores-2-2633756652--20240115092708.html,programas,2024/01/15
Un taxista se encuentra 600 euros y lo devuelve,/programas/juntos/La-buena-accion-que-se-hizo-viral-Un-taxista-se-encuentra-600-euros-y-los-devuelve-a-su-duena-2-2634056631--20240116091949.html,programas,2024/01/16
¿A partir de que cantidad de dinero serías feliz?,/programas/juntos/A-partir-de-que-cantidad-de-dinero-serias-feliz-2-2633756660--20240115110528.html,programas,2024/01/15
Los rituales amorosos más conocidos en España,/programas/juntos/Los-rituales-amorosos-mas-conocidos-de-Espana-2-2632556782--20240111020857.html,programas,2024/01/11
Isabel Pantoja abandona Cantora y se muda a Madrid,/programas/juntos/Isabel-Pantoja-abandonara-Cantora-y-se-mudara-a-Madrid-2-2632556785--20240111010240.html,programas,2024/01/11
¿Qué famosos han desheredado a sus hijos?,/programas/juntos/Que-famosos-han-desheredado-a-sus-hijos-2-2632256808--20240110105425.html,programas,2024/01/10
Reserva una mesa para cortar con su pareja,/programas/juntos/La-reserva-surrealista-pide-una-mesa-discreta-en-un-restaurante-para-dejar-a-su-pareja-2-2632256811--20240110105415.html,programas,2024/01/10
¿Hay peligro en el uso de cosméticos en menores?,/programas/juntos/Cosmeticorexia-Hay-peligro-en-el-uso-de-cosmeticos-en-menores-de-edad-2-2631956833--20240109110115.html,programas,2024/01/09
Detienen a un hombre por acosar a Shakira,/programas/juntos/Detienen-a-un-hombre-de-56-anos-por-acosar-a-Shakira-y-presentarse-en-su-casa-2-2631956834--20240109110108.html,programas,2024/01/09
El comunicado de Ana Obregón sobre la fundación,/programas/juntos/Ana-Obregon-lanza-un-comunicado-sobre-su-aportacion-a-la-Fundacion-Aless-Lequio-2-2631656869--20240108105942.html,programas,2024/01/08
Los momentos más virales de las Cabalgatas 2024,/programas/juntos/Estos-son-momentos-mas-virales-de-las-Cabalgatas-de-Reyes-Magos-2024-2-2631656867--20240108105915.html,programas,2024/01/08
Malena Gracia fue expulsada del tanatorio,/programas/juntos/Malena-Gracia-fue-expulsada-del-tanatorio-por-el-hijo-de-Paco-Arevalo-2-2630456983--20240104015806.html,programas,2024/01/04
¿Cuánto a donado Ana Obregón a su fundación?,/programas/juntos/Acusan-a-Ana-Obregon-de-no-donar-todos-los-beneficios-de-su-libro-a-la-Fundacion-Aless-Lequio-2-2630157009--20240103110713.html,programas,2024/01/03
Bangkok capital del país de las sonrisas,/programas/madrilenos-por-el-mundo/Bangkok-capital-del-pais-de-las-sonrisas-2-2632256802--20240110113000.html,programas,2024/01/10
El Wat Samphran y su torre rodeada por un dragón gigante,/programas/madrilenos-por-el-mundo/El-Wat-Samphran-y-su-torre-rodeada-por-un-dragon-gigante-2-2633156659--20240113113000.html,programas,2024/01/13
Madrileños por el mundo recorre la Costa de Polonia,/programas/madrilenos-por-el-mundo/Madrilenos-por-el-mundo-recorre-la-Costa-de-Polonia-2-2629857028--20240102113000.html,programas,2024/01/02
Disfruta Madrid 16.01.2024,/programas/disfruta-madrid/Disfruta-Madrid-16012024-2-2634056627--20240116102616.html,programas,2024/01/16
Ganaderas 4.0 en Alameda del Valle,/programas/disfruta-madrid/Ganaderas-40-en-Alameda-del-Valle-una-nueva-forma-de-conocer-la-Dehesa-2-2634056623--20240116100607.html,programas,2024/01/16
¿Cómo prevenir la intoxicación por monóxido en sangre?,/programas/disfruta-madrid/Como-prevenir-la-intoxicacion-por-monoxido-en-sangre-2-2634056622--20240116095126.html,programas,2024/01/16
Lo que unió McCartney ¿Lo ha desunido el tiempo?,/programas/disfruta-madrid/Lo-que-unio-Paul-McCartneyLo-ha-desunido-el-tiempo-Averiguamos-que-ha-ocurrido-con-la-pareja-viral-que-se-prometio-en-su-concierto-en-el-Calderon-2-2634056621--20240116091450.html,programas,2024/01/16
¿Te acercarías a un volcán que produce lava azul?,/programas/disfruta-madrid/Te-atreverias-a-acercarte-a-un-volcan-que-produce-lava-azul-2-2634056617--20240116084945.html,programas,2024/01/16
Disfruta Madrid 15.01.2024,/programas/disfruta-madrid/Disfruta-Madrid-15012024-2-2633756653--20240115095648.html,programas,2024/01/15
¿Buscas un lugar con encanto sin salir de Madrid?,/programas/disfruta-madrid/Buscas-un-lugar-con-encanto-sin-salir-de-Madrid-Descubre-la-historia-y-encanto-de-Pedrezuela-2-2633756645--20240115084939.html,programas,2024/01/15
Si te llega esta oferta no piques,/programas/disfruta-madrid/Si-te-llega-esta-oferta-no-piques-Metro-de-Madrid-advierte-de-una-estafa-en-la-que-ofertan-un-bono-anual-por-2-euros-2-2633756646--20240115080757.html,programas,2024/01/15
Disfruta Madrid 12.01.2024,/programas/disfruta-madrid/Disfruta-Madrid-12012024-2-2632856744--20240112103415.html,programas,2024/01/12
Eva Nogales: colmenareña de padre pastor  madre bordadora y candidata al Nobel,/programas/disfruta-madrid/Eva-Nogales-colmenarena-de-padre-pastor-madre-bordadora-y-candidata-al-Nobel-2-2632856739--20240112103050.html,programas,2024/01/12
La Senda de la Acebeda: sigue el viaje del agua,/programas/disfruta-madrid/La-Senda-del-Agua-de-la-Acebeda-un-plan-para-toda-la-familia-en-la-Sierra-Norte-2-2632856738--20240112092550.html,programas,2024/01/12
Varapalo para  la vidente de El Escorial: la Justicia sentencia que la capilla se construyó sobre un delito urbanístico,/programas/disfruta-madrid/Varapalo-para-la-vidente-de-El-Escorial-la-Justicia-sentencia-que-la-capilla-se-construyo-sobre-un-delito-urbanistico-2-2632556768--20240111100827.html,programas,2024/01/11
Ruta 179: Paracuellos de Jarama,/programas/ruta-179/Ruta-179-Paracuellos-de-Jarama-2-2626257411--20231221071300.html,programas,2023/12/21
La primera clínica especializa en aves rapaces,/programas/ruta-179/La-primera-clinica-especializa-en-aves-rapaces-de-toda-la-Peninsula-esta-en-Paracuellos-2-2632256797--20240110112300.html,programas,2024/01/10
Visitamos el cementerio de mártires de Paracuellos,/programas/ruta-179/Visitamos-el-cementerio-de-martires-de-Paracuellos-de-Jarama-2-2632856701--20240112105400.html,programas,2024/01/12
Ruta 179 Valdemorillo,/programas/ruta-179/Ruta-179-Valdemorillo-2-2624457541--20231215080300.html,programas,2023/12/15
El mejor cachopo de Valdemorillo,/programas/ruta-179/Uno-de-los-mejores-cachopos-de-Espana-esta-en-Valdemorillo-2-2630456962--20240104112900.html,programas,2024/01/04
La fábrica que se transformó en  Casa de Cultura,/programas/ruta-179/Las-Chimeneas-La-gran-fabrica-que-se-transformo-en-una-enorme-Casa-de-Cultura-2-2630456959--20240104111900.html,programas,2024/01/04
La empresa de objetos militares únicos en el mundo,/programas/ruta-179/La-empresa-de-articulos-militares-unicos-en-el-mundo-se-encuentra-en-Valdemorillo-2-2630456961--20240104111600.html,programas,2024/01/04
Ruta 179 Valdepiélagos,/programas/ruta-179/Ruta-179-Valdepielagos-2-2621457839--20231205115800.html,programas,2023/12/05
La casa del autoaprendizaje y la creatividad,/programas/ruta-179/El-laboratorio-de-musilabus-un-espacio-para-el-autoaprendizaje-y-la-creatividad-2-2628357176--20231228105100.html,programas,2023/12/28
La maqueta de Valdepiélagos,/programas/ruta-179/La-increible-maqueta-de-Valdepielagos-hecha-con-carton-y-pistachos-2-2628057205--20231227104900.html,programas,2023/12/27
Ruta 179: Valdeolmos-Alalpardo,/programas/ruta-179/Ruta-179-Valdeolmos-Alalpardo-2-2623257697--20231211105900.html,programas,2023/12/11
La asociación que repuebla los campos de Madrid,/programas/ruta-179/Reforest-Project-la-asociacion-que-repuebla-los-campos-de-la-Comunidad-de-Madrid-2-2625957423--20231220105700.html,programas,2023/12/20
Aperitoche el bar donde nacieron Los Secretos,/programas/nos-vemos-en-el-bar/Aperitoche-el-bar-donde-nacieron-Los-Secretos-2-2619658022--20231129102000.html,programas,2023/11/29
Café Central: el club de la música jazz en Madrid,/programas/nos-vemos-en-el-bar/Cafe-Central-el-club-historico-de-la-musica-jazz-en-Madrid-2-2619658023--20231129101700.html,programas,2023/11/29
Nos vemos en el bar: Música en vivo,/programas/nos-vemos-en-el-bar/Nos-vemos-en-el-bar-Musica-en-vivo-2-2613058726--20231107101000.html,programas,2023/11/07
Bar Casa Gregorio el museo al toreo de Móstoles,/programas/nos-vemos-en-el-bar/Bar-Casa-Gregorio-el-museo-al-toreo-de-Mostoles-2-2617258259--20231121104000.html,programas,2023/11/21
Bar La Tienta el corazón de las Ventas,/programas/nos-vemos-en-el-bar/Bar-La-Tienta-el-corazon-de-las-Ventas-2-2617258258--20231121103300.html,programas,2023/11/21
Nos vemos en el bar: Bares Taurinos,/programas/nos-vemos-en-el-bar/Nos-vemos-en-el-bar-Bares-Taurinos-2-2611858802--20231103103000.html,programas,2023/11/03
La Realidad una oda a los bares y los artistas,/programas/nos-vemos-en-el-bar/La-Realidad-una-oda-a-los-bares-y-los-artistas-2-2615458437--20231115104100.html,programas,2023/11/15
Estupenda bar el escenario de Twin Peaks en Malasaña,/programas/nos-vemos-en-el-bar/Estupenda-bar-el-escenario-de-Twin-Peaks-en-Malasana-2-2615458438--20231115104000.html,programas,2023/11/15
Nos vemos en el bar: Bares curiosos,/programas/nos-vemos-en-el-bar/Nos-vemos-en-el-bar-Bares-curiosos-2-2609159095--20231025103400.html,programas,2023/10/25
Bar Pintxo el punto de encuentro en  Villaviciosa de Odón,/programas/nos-vemos-en-el-bar/Bar-Pintxo-el-punto-de-encuentro-en-Villaviciosa-de-Odon-2-2613058677--20231107103400.html,programas,2023/11/07
Perretxico el bar de los pinchos vascos con un toque castizo y gourmet,/programas/nos-vemos-en-el-bar/Perretxico-el-bar-de-los-pinchos-vascos-con-un-toque-castizo-y-gourmet-2-2613058678--20231107103300.html,programas,2023/11/07
Nos vemos en el bar: Bares de pinchos,/programas/nos-vemos-en-el-bar/Nos-vemos-en-el-bar-Bares-de-pinchos-2-2608559208--20231023103000.html,programas,2023/10/23
Jota Abril recibe el Premio Iris Autonómico 2023 como Mejor Presentador,/corporativo/sala-de-prensa/Jota-Abril-recibe-el-Premio-Iris-Autonomico-2023-como-Mejor-Presentador-0-2634336549--20240117100428.html,corporativo,2024/01/17
‘Madrid directo’ premio APM al Periodista Especializado en Madrid 2023,/corporativo/sala-de-prensa/Madrid-directo-premio-APM-al-Periodista-Especializado-en-Madrid-2023-0-2634036626--20240116064017.html,corporativo,2024/01/16
Poty Castillo presenta ‘Sabor a Madrid’ un viaje culinario por el Madrid más exquisito que pone en valor a sus gentes y sus productos,/corporativo/sala-de-prensa/Poty-Castillo-presenta-Sabor-a-Madrid-un-viaje-culinario-por-el-Madrid-mas-exquisito-que-pone-en-valor-a-sus-gentes-y-sus-productos-0-2634036591--20240116112429.html,corporativo,2024/01/16
Marta Hazas invitada de Minerva Piquero en “La vida es bella” en Onda Madrid,/corporativo/sala-de-prensa/Marta-Hazas-invitada-de-Minerva-Piquero-en-La-vida-es-bella-en-Onda-Madrid-0-2632536744--20240111114158.html,corporativo,2024/01/11
Telemadrid cierra su programación navideña con ‘Madrid Directo Especial Cabalgata de Reyes’ y la retransmisión de la Pascua Militar,/corporativo/sala-de-prensa/Telemadrid-cierra-su-programacion-navidena-con-Madrid-Directo-Especial-Cabalgata-de-Reyes-y-la-retransmision-de-la-Pascua-Militar-0-2630436957--20240104124817.html,corporativo,2024/01/04
Los informativos de Telemadrid cierran 2023 con el mejor dato de audiencia de los últimos 13 años,/corporativo/sala-de-prensa/Los-informativos-de-Telemadrid-cierran-2023-con-el-mejor-dato-de-audiencia-de-los-ultimos-13-anos-0-2629837004--20240102112551.html,corporativo,2024/01/02
Telemadrid despedirá el año con  la San Silvestre Vallecana el mensaje de Ayuso y las Campanadas,/noticias/madrid/Telemadrid-despedira-el-ano-con-la-San-Silvestre-Vallecana-el-mensaje-de-Ayuso-y-las-Campanadas-0-2629237051--20231231084231.html,noticias,2023/12/31
Vuelve a Telemadrid el ‘Show de los Inocentes’ de Bertín Osborne,/corporativo/sala-de-prensa/Vuelve-a-Telemadrid-el-Show-de-los-Inocentes-de-Bertin-Osborne-0-2627737222--20231226125054.html,corporativo,2023/12/26
Paco Roncero enfrenta a Natalia Rodríguez Anthony Blake y Fabiola Martínez para hacer la mejor receta con unos langostinos sobrantes,/corporativo/sala-de-prensa/Paco-Roncero-enfrenta-a-Natalia-Rodriguez-Anthony-Blake-y-Fabiola-Martinez-para-hacer-la-mejor-receta-con-unos-langostinos-sobrantes-0-2626537345--20231222121118.html,corporativo,2023/12/22
Conchita y Pablo Cebrián acompañarán este viernes a Minerva Piquero en ‘La vida es bella’,/corporativo/sala-de-prensa/Conchita-y-Pablo-Cebrian-acompanaran-este-viernes-a-Minerva-Piquero-en-La-vida-es-bella-0-2626237369--20231221121301.html,corporativo,2023/12/21
Telemadrid da un like a la magia y a la ilusión,/corporativo/sala-de-prensa/Telemadrid-da-un-like-a-la-magia-y-a-la-ilusion-0-2625637416--20231219100501.html,corporativo,2023/12/19
TeleMadrid recibe el premio de la Unión de Federaciones Deportivas Madrileñas por su apoyo al deporte madrileño,/corporativo/sala-de-prensa/TeleMadrid-recibe-el-premio-de-la-Union-de-Federaciones-Deportivas-Madrilenas-por-su-apoyo-al-deporte-madrileno-0-2624437551--20231215121756.html,corporativo,2023/12/15
